	insert into codigo_postal values ("4750-600","Barcelos");
	insert into codigo_postal values ("4750-484","Barcelos");
	insert into codigo_postal values ("4800-034","Guimarães");
	insert into codigo_postal values ("4700-188","Braga");
	insert into codigo_postal values ("3880-465","Ovar");
	insert into codigo_postal values ("4000-039","Porto");
	insert into codigo_postal values ("4910-392","Vila praia de Âncora");
    
	insert into especialidade (designacao) values ("Cardiologia");
	insert into especialidade (designacao) values ("Ortopedia");
	insert into especialidade (designacao) values ("Clinica Geral");
	insert into especialidade (designacao) values ("Psicologia");
	insert into especialidade (designacao) values ("Nutrição");
    
	insert into modalidade (designacao) values ("Corrida de Pista");
	insert into modalidade (designacao) values ("Corrida de Obstáculos");
	insert into modalidade (designacao) values ("Corrida de Estafetas");
	insert into modalidade (designacao) values ("Salto em Comprimento");
	insert into modalidade (designacao) values ("Salto em Altura");
	insert into modalidade (designacao) values ("Lançamentos");
    
	insert into medico values(123794561,"Maria","Cunha",'1990-12-30','5','4750-600');
	insert into medico values(789456122,"Ana","Esteves",'1985-11-25',4,"4750-484");
	insert into medico values(654781256,"Paula","Roberto",'1980-10-20',4,"4800-034");
	insert into medico values(123456789,"José","Baião",'1975-9-15',3,"4700-188");
	insert into medico values(123456798,"Carlos","Noronha",'1970-8-10',2,"4000-039");
	insert into medico values(870125901,"Alfredo","Fernandes",'1965-7-5',1,"3880-465");
	insert into medico values(320126902,"Manuel","Oliveira",'1960-6-3',3,"4910-392");
	insert into medico values(745212389,"Joaquim","Mendes",'1955-5-2',2,"4800-034");
	insert into medico values(999456123,"Augusto","Silva",'1950-4-1',1,"4700-188");
	insert into medico values(999888777,"Acásio","Santos",'1945-3-30',3,"4700-188");
    
	insert into equipa (nome,data_fundacao,rua,codigo_postal) values ("Oliveira Sports",'2012-12-12',"Avenida Oliveira nº1","4750-600");
	insert into equipa (nome,data_fundacao,rua,codigo_postal) values ("Sociedade Recreativa de Vila Praia de Âncora",'1990-12-31',"Rua dos Emigrantes nº99","4910-392");
	insert into equipa (nome,data_fundacao,rua,codigo_postal) values ("Associação Desportiva de Ovar",'1920-1-4',"Rua do Desporto nº4","3880-465");
	insert into equipa (nome,data_fundacao,rua,codigo_postal) values ("Os Ceramistas",'2010-10-10',"Lugar da Bouça nº70","4750-484");
	insert into equipa (nome,data_fundacao,rua,codigo_postal) values("SC Braga",'1950-5-13',"Praça da República nº50","4000-039");

	insert into atleta values("456135469","Diogo","Vasconcelos",'1999-1-1',"Portugues","M","pokemonlovesu2@gmail.com",'50.0','150.0',"Rua do Amor nº 69",4,"4750-484");
	insert into atleta values("846100164","Gonçalo","Pinto",'1999-2-2',"Português","M","gon_pin@gmail.com",'75.0','175.0',"Rua da Liberdade nº 25",3,"3880-465");
	insert into atleta values("967852145","José","Costa",'1998-3-3',"Indiano","M","helpmewithmycurry@gmail.com",'100.0','180.0',"Rua do Caril nº 100",1,"4750-600");
	insert into atleta values("326455115","João","Parente",'1999-4-4',"Portugues","M","papj@gmail.com",'70.0','177.0',"Rua do Ouro nº 420",2,"4910-392");
	insert into atleta values("456123456","Pedro","Sánchez",'1970-5-5',"Espanhol","M","barcelona@gmail.com",'85.0','185.0',"Rua da Prata nº 112",1,"4800-034");
	insert into atleta values("451351515","Emmanuel","Macron",'1975-6-6',"Frances","M","eder@gmail.com",'78.7','178.7'," Avenida Paris nº4",5,"4700-188");
	insert into atleta values("789542132","Nicolás","Maduro",'1980-7-7',"Venuzelano","M","verde@gmail.com",'105.0','190.0',"Rua das Caracas nº99",3,"4000-039");
	insert into atleta values("421221511","Xi","Jinping",'1985-8-8',"Chines","M","ping@gmail.com",'90.0','185.0',"Rua do Arroz nº100",1,"4750-600");
	insert into atleta values("218454844","João","Lourenço",'1990-9-9',"Angolano","F","lour_o@gmail.com",'65.0','170.0',"Travessa de Luanda nº20",4,"4750-484");
	insert into atleta values("121654151","Maria","Araújo",'1995-10-10',"Portuguesa","F","influencer@gmail.com",'50.0','160.0',"Rua do Cobre nº11",4,"4800-034");
	insert into atleta values("781214845","Leonor","Martins",'2000-11-11',"Portuguesa","F","imagirl@gmail.com",'77.7','177.7',"Rua do Rego nº 505",5,"4700-188");
	insert into atleta values("103548484","Matilde","Rodrigues",'2002-12-12',"Portuguesa","F","sougira@gmail.com",'66.6','166.6',"Rua da Lomba nº 33",3,"3880-465");
	insert into atleta values("784218111","Beatriz","Lopes",'2004-12-24',"Portuguesa","F","love1D@gmail.com",'50.0','145.0',"Avenida 8 de Julho nº8",3,"4000-039");
	insert into atleta values("103582472","Carolina","Silva",'2010-12-25',"Portuguesa","F","funklover@gmail.com",'40.0','140.0',"Rua de Vilarinho nº 111",2,"4910-392");
	insert into atleta values("721811241","Mariana","Santos",'2010-12-31',"Portuguesa","F","family.carreira.forever@gmail.com",'55.5','155.5',"Rua da Constituição nº 40",5,"4700-188");
	
    insert into categoria values("967852145","Triplo Salto",4);
	insert into categoria values("967852145","Salto em Comprimento Normal",4);
	insert into categoria values("967852145","100 metros",2);
	insert into categoria values("967852145","400 metros",2);
	insert into categoria values("967852145","Corrida de Estafetas Normal",3);
	insert into categoria values("967852145","Salto em Altura sem vara",5);
	insert into categoria values("967852145","Salto em Altura com vara",5);
	insert into categoria values("456123456","100 metros",1);
	insert into categoria values("456123456","200 metros",1);
	insert into categoria values("456123456","400 metros",1);
	insert into categoria values("456123456","100 metros",2);
	insert into categoria values("456123456","400 metros",2);
	insert into categoria values("456123456","Corrida de Estafetas Normal",3);
	insert into categoria values("421221511","Lançamento de peso",6);
	insert into categoria values("421221511","Lançamento de dardo",6);
	insert into categoria values("421221511","Lançamento de disco",6);
	insert into categoria values("421221511","Lançamento de martelo",6);
	insert into categoria values("421221511","1500 metros",1);
	insert into categoria values("421221511","3000 metros",1);
	insert into categoria values("421221511","3000 metros",2);
	insert into categoria values("326455115","Triplo Salto",4);
	insert into categoria values("326455115","Salto em Comprimento Normal",4);
	insert into categoria values("326455115","100 metros",2);
	insert into categoria values("326455115","400 metros",2);
	insert into categoria values("326455115","Corrida de Estafetas Normal",3);
	insert into categoria values("326455115","Salto em Altura sem vara",5);
	insert into categoria values("326455115","Salto em Altura com vara",5);
	insert into categoria values("103582472","100 metros",1);
	insert into categoria values("103582472","200 metros",1);
	insert into categoria values("103582472","400 metros",1);
	insert into categoria values("103582472","100 metros",2);
	insert into categoria values("103582472","400 metros",2);
	insert into categoria values("103582472","Corrida de Estafetas Normal",3);
	insert into categoria values("789542132","Lançamento de peso",6);
	insert into categoria values("789542132","Lançamento de disco",6);
	insert into categoria values("789542132","Lançamento de martelo",6);
	insert into categoria values("789542132","1500 metros",1);
	insert into categoria values("846100164","Triplo Salto",4);
	insert into categoria values("846100164","100 metros",1);
	insert into categoria values("846100164","Corrida de Estafetas Normal",3);
	insert into categoria values("103548484","100 metros",1);
	insert into categoria values("103548484","400 metros",2);
	insert into categoria values("103548484","Corrida de Estafetas Normal",3);
	insert into categoria values("784218111","200 metros",1);
	insert into categoria values("784218111","400 metros",2);
	insert into categoria values("784218111","Corrida de Estafetas Normal",3);
	insert into categoria values("456135469","Triplo Salto",4);
	insert into categoria values("456135469","Salto em Comprimento Normal",4);
	insert into categoria values("456135469","100 metros",2);
	insert into categoria values("456135469","400 metros",2);
	insert into categoria values("456135469","Corrida de Estafetas Normal",3);
	insert into categoria values("218454844","Salto em Comprimento Normal",4);
	insert into categoria values("218454844","Corrida de Estafetas Normal",3);
	insert into categoria values("218454844","Salto em Altura com vara",5);
	insert into categoria values("121654151","1000 metros",1);
	insert into categoria values("121654151","500 metros",2);
	insert into categoria values("451351515","Triplo Salto",4);
	insert into categoria values("451351515","Salto em Comprimento Normal",4);
	insert into categoria values("451351515","100 metros",2);
	insert into categoria values("451351515","400 metros",2);
	insert into categoria values("451351515","Corrida de Estafetas Normal",3);
	insert into categoria values("451351515","Salto em Altura sem vara",5);
	insert into categoria values("451351515","Salto em Altura com vara",5);
	insert into categoria values("781214845","Lançamento de peso",6);
	insert into categoria values("781214845","Lançamento de dardo",6);
	insert into categoria values("781214845","Lançamento de disco",6);
	insert into categoria values("781214845","Lançamento de martelo",6);
	insert into categoria values("721811241","100 metros",1);
	insert into categoria values("721811241","100 metros",2);
    
	insert into teste_clinico values("967852145","870125901",'10.50','2016-1-5 14:30:00',"Colestrol Alto",false,0);
	insert into teste_clinico values("967852145","123456798",'19.99','2017-3-10 15:00:00',"Distensão muscular",false,0);
	insert into teste_clinico values("967852145","123456789",'10.00','2018-6-15 15:30:30',"Rotina",false,0);
	insert into teste_clinico values("967852145","654781256",'9.99','2019-9-20 16:00:00',"Ansiedade",false,0);
	insert into teste_clinico values("967852145","123794561",'15.00','2016-12-26 16:30:00',"Excesso de Peso",false,0);
	insert into teste_clinico values("456123456","999456123",'10.00','2017-1-30 09:00:00',"Consumo exagerado de gordura e açúcar",false,0);
	insert into teste_clinico values("456123456","745212389",'50.00','2018-2-3 09:30:00',"Ruptura de ligamento",false,0);
	insert into teste_clinico values("456123456","320126902",'4.99','2019-3-3 10:00:00',"Antidopagem",false,0);
	insert into teste_clinico values("421221511","999888777",'2.99','2016-5-5 10:30:00',"Rotina",false,0);
	insert into teste_clinico values("421221511","789456122",'24.99','2017-7-7 11:00:00',"Depressão",false,0);
	insert into teste_clinico values("326455115","870125901",'18.99','2018-10-10 11:30:00',"Hipertensão",false,0);
	insert into teste_clinico values("326455115","999456123",'7.99','2019-6-1 12:00:00',"Stress",false,0);
	insert into teste_clinico values("326455115","870125901",'14.99','2019-7-1 12:30:00',"Diabetes",false,0);
	insert into teste_clinico values("103582472","123456798",'16.99','2019-6-1 13:00:00',"Tendinite",false,0);
	insert into teste_clinico values("103582472","654781256",'29.99','2019-7-2 13:00:00',"Transtorno Obsessivo Compulsivo",false,0);
	insert into teste_clinico values("846100164","999888777",'2.99','2018-6-13 16:30:00',"Rotina",false,0);
	insert into teste_clinico values("846100164","123456789",'4.99','2019-6-5 16:30:00',"Antidopagem",false,0);
	insert into teste_clinico values("789542132","123794561",'15.00','2018-4-26 17:00:00',"Excesso de Peso",false,0);
	insert into teste_clinico values("789542132","320126902",'4.99','2019-6-5 17:00:00',"Antidopagem",false,0);
	insert into teste_clinico values("103548484","123794561",'10.00','2018-12-18 17:30:00',"Definição de Dieta",false,0);
	insert into teste_clinico values("103548484","999888777",'4.99','2019-6-5 17:30:00',"Antidopagem",false,0);
	insert into teste_clinico values("784218111","123794561",'10.00','2018-12-18 18:00:00',"Definição de Dieta",false,0);
	insert into teste_clinico values("784218111","123456789",'4.99','2019-6-5 18:00:00',"Antidopagem",false,0);
	insert into teste_clinico values("456135469","123456798",'39.99','2016-1-27 08:00:00',"Distensão muscular",false,0);
	insert into teste_clinico values("456135469","745212389",'49.00','2017-12-27 20:00:00',"Ruptura de ligamento",false,0);
	insert into teste_clinico values("218454844","123456798",'59.99','2016-12-27 08:00:00',"Distensão muscular",false,0);
	insert into teste_clinico values("218454844","745212389",'69.00','2017-1-27 20:00:00',"Ruptura de ligamento",false,0);
	insert into teste_clinico values("121654151","123456798",'79.99','2018-1-27 08:00:00',"Distensão muscular",false,0);
	insert into teste_clinico values("121654151","745212389",'89.00','2018-12-27 20:00:00',"Ruptura de ligamento",false,0);
	insert into teste_clinico values("451351515","870125901",'18.99','2019-12-9 10:30:00',"Hipertensão",false,0);
	insert into teste_clinico values("451351515","999888777",'2.99','2019-12-10 10:30:00',"Rotina",false,0);
	insert into teste_clinico values("781214845","999456123",'7.99','2019-12-11 10:30:00',"Stress",false,0);
	insert into teste_clinico values("781214845","999888777",'2.99','2019-12-12 10:30:00',"Rotina",false,0);
	insert into teste_clinico values("721811241","870125901",'14.99','2019-12-13 10:30:00',"Diabetes",false,0);
	insert into teste_clinico values("721811241","999888777",'2.99','2019-12-20 10:30:00',"Rotina",false,0);
	insert into teste_clinico values("967852145","123456789",null,'2020-1-6 16:20:00',"Rotina",true,null);
	insert into teste_clinico values("456123456","320126902",null,'2020-1-7 16:20:00',"Antidopagem",true,null);
	insert into teste_clinico values("421221511","999888777",null,'2020-1-8 16:20:00',"Rotina",true,null);
	insert into teste_clinico values("326455115","123456789",null,'2020-1-9 16:20:00',"Rotina",true,null);
	insert into teste_clinico values("103582472","320126902",null,'2020-1-10 16:20:00',"Antidopagem",true,null);
	insert into teste_clinico values("846100164","999888777",null,'2020-1-13 16:20:00',"Rotina",true, null);
	insert into teste_clinico values("789542132","123456789",null,'2020-1-14 16:20:00',"Rotina",true, null) ;
	insert into teste_clinico values("103548484","320126902",null,'2020-1-15 16:20:00',"Antidopagem",true,null);
	insert into teste_clinico values("784218111","999888777",null,'2020-1-16 16:20:00',"Rotina",true, null);
	insert into teste_clinico values("456135469","123456789",null,'2020-1-17 16:20:00',"Rotina",true, null);
	insert into teste_clinico values("218454844","320126902",null,'2020-1-20 16:20:00',"Antidopagem",true, null);
	insert into teste_clinico values("121654151","999888777",null,'2020-1-21 16:20:00',"Rotina",true, null);
	insert into teste_clinico values("451351515","123456789",null,'2020-1-22 16:20:00',"Rotina",true, null);
	insert into teste_clinico values("781214845","320126902",null,'2020-1-23 16:20:00',"Antidopagem",true, null);
	insert into teste_clinico values("721811241","999888777",null,'2020-1-24 16:20:00',"Rotina",true, null);
	insert into teste_clinico values("456135469","123794561",'9.99','2019-12-16 12:00:00',"Definição de Dieta",false, -1);
	insert into teste_clinico values("846100164","999456123",'19.99','2019-12-17 12:00:00',"Stress",false, 1);
	insert into teste_clinico values("967852145","745212389",'29.99','2019-12-18 12:00:00',"Tendinite",false, 1);
	insert into teste_clinico values("326455115","999888777",'39.99','2019-12-19 12:00:00',"Antidopagem",false, 1);
	insert into teste_clinico values("451351515","789456122",'49.99','2019-12-20 12:00:00',"Depressão",false, -1);
