{
    "ficheiros": [
        {
            "titulo": "pi2010-miniteste1A",
            "tipo": "pdf"
        },
        {
            "titulo": "pi2010-miniteste2A",
            "tipo": "pdf"
        },
        {
            "titulo": "pi2010-miniteste3A",
            "tipo": "pdf"
        },
        {
            "titulo": "pi2010-miniteste4A",
            "tipo": "pdf"
        },
        {
            "titulo": "pi2010-miniteste5A",
            "tipo": "pdf"
        },
        {
            "titulo": "pi2010-miniteste6A",
            "tipo": "pdf"
        }
    ],
    "pastas": []
}
