INSERT INTO patient VALUES (101,'Rui Turquel','1953-10-20',65)
INSERT INTO patient VALUES (102,'Filipe Pereira','1932-06-30',86)
INSERT INTO patient VALUES (103,'Jorge Pereira','1938-06-27',80)
INSERT INTO patient VALUES (104,'Joana Silveira','1963-03-10',55)
INSERT INTO patient VALUES (105,'Sara Silves','1972-02-27',46)
INSERT INTO doctor VALUES ( 334567, 'Dr. Kyan Talley')
INSERT INTO doctor VALUES ( 887433, 'Dr. Rosa Santos')
INSERT INTO doctor VALUES ( 28873, 'Dr.Tanya Crawford')
INSERT INTO doctor VALUES ( 332345, 'Dr. Salman Wu')
INSERT INTO doctor VALUES ( 11244, 'Dr. Viktor Finley')
INSERT INTO doctor VALUES ( 39887, 'Dr. Alanna Shields')
INSERT INTO sensor VALUES (5,3001,1, 'cardiac',101,'UCI-II','Unidade de Cuidados Intensivos - II','2020-10-20','014')
INSERT INTO sensor VALUES (5,3002,2, 'cardiac',102,'UCI-I','Unidade de Cuidados Intensivos - I','2020-06-30','015')
INSERT INTO sensor VALUES (5,3003,3, 'cardiac',103,'UCI-III','Unidade de Cuidados Intensivos - III','2020-10-27','016')
INSERT INTO sensor VALUES (5,3004,4, 'cardiac',104,'UCI-I','Unidade de Cuidados Intensivos - I','2020-10-10','017')
INSERT INTO sensor VALUES (5,3005,5, 'cardiac',105,'UCI-II','Unidade de Cuidados Intensivos - II','2020-11-02','018')
INSERT INTO careteam VALUES (3001,39887)
INSERT INTO careteam VALUES (3001,28873)
INSERT INTO careteam VALUES (3001,332345)
INSERT INTO careteam VALUES (3002,11244)
INSERT INTO careteam VALUES (3002,28873)
INSERT INTO careteam VALUES (3002,332345)
INSERT INTO careteam VALUES (3003,334567)
INSERT INTO careteam VALUES (3003,28873)
INSERT INTO careteam VALUES (3003,332345)
INSERT INTO careteam VALUES (3004,332345)
INSERT INTO careteam VALUES (3004,28873)
INSERT INTO careteam VALUES (3005,887433)
INSERT INTO careteam VALUES (3005,28873)
INSERT INTO careteam VALUES (3005,332345)
INSERT INTO data VALUES (NULL,3001,37,133,91,105,95,'2020-11-11 11:34:20')
INSERT INTO data VALUES (NULL,3002,39,134,90,124,99,'2020-11-11 11:34:20')
INSERT INTO data VALUES (NULL,3003,35,129,77,104,97,'2020-11-11 11:34:20')
INSERT INTO data VALUES (NULL,3004,39,133,86,125,100,'2020-11-11 11:34:20')
INSERT INTO data VALUES (NULL,3005,38,160,74,114,98,'2020-11-11 11:34:20')
