{
    "ficheiros": [],
    "pastas": [
        {
            "titulo": "Testes e Exames antigos",
            "conteudo": {
                "ficheiros": [
                    {
                        "titulo": "gcs18e1",
                        "tipo": "pdf"
                    },{
                        "titulo": "gcs18e2",
                        "tipo": "pdf"
                    },{
                        "titulo": "gcs19e1",
                        "tipo": "pdf"
                    },{
                        "titulo": "gcs19e2",
                        "tipo": "pdf"
                    }
                ],
                "pastas": []
            }
        }
    ]
}
