{
    "ficheiros": [
        {
            "titulo": "Ficha DAW2021-recurso",
            "tipo": "html"
        }
    ],
    "pastas": [{
        "titulo": "recursos",
        "conteudo": {
            "ficheiros": [
                {
                    "titulo": "compras",
                    "tipo": "json"
                }
            ],
            "pastas": []
        }
    },{
        "titulo": "Ficha DAW2021-recurso_files",
        "conteudo": {
            "ficheiros": [
                {
                    "titulo": "bootstrap.min",
                    "tipo": "css"
                },{
                    "titulo": "fichas",
                    "tipo": "jpeg"
                }
            ],
            "pastas": []
        }
    }]
}
